{
  "code": 0,
  "data": {
    "records": [
      {
        "id": "1943343886586679298",
        "title": "牛马Day1",
        "description": "今日复盘：任务完成情况 一、公司任务 本周进度：100% 完成✅ 小吐槽：产品经理的需求变更频率实在有点高哇，希望后续能更稳定些～ 二、其他事项 学习项目推进 完成度：70% 原因：下午产品经理加了点需求。然后写了一篇技术方案文档（希望明天开会过审！！！ ！求求啦 ） 算法练习 完成度：100% 成果：搞定2道算法题，状态在线 八股学习 完成度：100% 内容：专注学习MySQL相关知识点，时长2",
        "content": null,
        "plainTextDescription": "今日复盘：任务完成情况 一、公司任务 本周进度：100% 完成✅ 小吐槽：产品经理的需求变更频率实在有点高哇，希望后续能更稳定些～ 二、其他事项 学习项目推进 完成度：70% 原因：下午产品经理加了点需求。然后写了一篇技术方案文档（希望明天开会过审！！！ ！求求啦 ） 算法练习 完成度：100% 成果：搞定2道算法题，状态在线 八股学习 完成度：100% 内容：专注学习MySQL相关知识点，时长2",
        "category": "文章",
        "cover": "https://pic.code-nav.cn/post_cover/1782672426073587714/JH8B8qpk5G1j23Hy.png",
        "thumbnailCover": "https://pic.code-nav.cn/post_cover/1782672426073587714/thumbnail/JH8B8qpk5G1j23Hy.png",
        "language": null,
        "externalLink": null,
        "shortLink": null,
        "componentName": null,
        "viewNum": 8,
        "viewCount": "2",
        "thumbNum": 0,
        "favourNum": 0,
        "commentNum": 0,
        "priority": 0,
        "userId": "1782672426073587714",
        "planetPostId": null,
        "relatedId": null,
        "showPost": 0,
        "reviewStatus": 1,
        "reviewMessage": null,
        "reviewerId": null,
        "reviewTime": 1752164460000,
        "publishStatus": 0,
        "recommendStatus": 1,
        "recommendCount": "0",
        "recommendTime": 1752164262000,
        "editTime": 1752164460000,
        "createTime": 1752164262000,
        "updateTime": 1752164694000,
        "accessScope": 0,
        "user": {
          "id": "1782672426073587714",
          "planetCode": "35767",
          "planetPostAuth": 1,
          "userName": "今天继续coding",
          "userAvatar": "https://pic.code-nav.cn/user_avatar/1782672426073587714/SxJIQRtb-微信截图_20240724132652.webp",
          "userThumbnailAvatar": "https://pic.code-nav.cn/user_avatar/1782672426073587714/thumbnail/SxJIQRtb-微信截图_20240724132652.webp",
          "gender": 0,
          "userProfile": "z，l",
          "interests": [],
          "place": "苏州市",
          "school": "苏州科技大学",
          "direction": "Java后端",
          "graduationYear": 2026,
          "company": null,
          "job": "Java后端",
          "github": null,
          "blog": null,
          "score": 383,
          "jobStatus": "实习中",
          "scoreLevel": 3,
          "followeeNum": 15,
          "followNum": 13,
          "followStatus": 0,
          "vipExpireTime": 1779521912000,
          "vipNumber": "35767",
          "userRole": "vip",
          "scoreRank": null,
          "postAllThumbNum": null,
          "postAllViewNum": null,
          "needGuide": 0,
          "syncPopupLeftCount": 1,
          "paymentInfo": null
        },
        "tags": [
          "学习打卡"
        ],
        "fileList": null,
        "videoList": null,
        "atUserList": null,
        "pictureList": null,
        "hasThumb": false,
        "hasFavour": false,
        "needVip": null,
        "atUserVOList": null,
        "status": null,
        "relatedLink": null,
        "acceptAnswerId": null,
        "bestComment": null
      },
      {
        "id": "1943282022528118786",
        "title": "杭州华信设计研究院国企 Java 实习面经",
        "description": null,
        "content": null,
        "plainTextDescription": "杭州华信设计研究院国企 Java 实习面经本文作者：程序员小白条本站地址：https://xbt.xiaobaitiao.top面试官：这边收到你的xxx简历，现在方便做一个简单的面试沟通吗？我：方便的方便的，内心OS：面经+1。1）面试官：先做个自我介绍吧我：常规操作，比八股背的熟多了，主要突出我全栈的一个学习过程，并且做了一个开源项目，我这边给大家的建议，尤其是双非同学，如果没啥亮点的话，个人",
        "category": "文章",
        "cover": null,
        "thumbnailCover": null,
        "language": null,
        "externalLink": null,
        "shortLink": null,
        "componentName": null,
        "viewNum": 51,
        "viewCount": "41",
        "thumbNum": 4,
        "favourNum": 2,
        "commentNum": 0,
        "priority": 0,
        "userId": "1613062171158118402",
        "planetPostId": null,
        "relatedId": null,
        "showPost": 0,
        "reviewStatus": 1,
        "reviewMessage": "通过审核",
        "reviewerId": null,
        "reviewTime": 1752150990000,
        "publishStatus": 0,
        "recommendStatus": 1,
        "recommendCount": "0",
        "recommendTime": 1752149513000,
        "editTime": 1752150990000,
        "createTime": 1752149513000,
        "updateTime": 1752162196000,
        "accessScope": 0,
        "user": {
          "id": "1613062171158118402",
          "planetCode": "5563",
          "planetPostAuth": 1,
          "userName": "_一条鱼儿_",
          "userAvatar": "https://thirdwx.qlogo.cn/mmopen/vi_32/zogKCdeVOfnmr1iblKDLyMAuWubGKFLyvcpI7fcU1qumXB7QPCqnWWibfcGSSNs2s2ltUHwa6Oia1nXBLaETI5fhw/132",
          "userThumbnailAvatar": null,
          "gender": 1,
          "userProfile": "25届毕业生，Github 多个开源项目作者，全栈开发，联系方式：xiaobaitiao_z\n欢迎项目合作和自媒体合作等相关！",
          "interests": [],
          "place": "浙江省",
          "school": "浙江水利水电学院",
          "direction": "后端",
          "graduationYear": 2025,
          "company": "",
          "job": "Java后端",
          "github": "https://github.com/luoye6",
          "blog": "https://gitee.com/luoye6/Vue_BookManageSystem",
          "score": 1515,
          "jobStatus": "在校",
          "scoreLevel": 5,
          "followeeNum": 96,
          "followNum": 10,
          "followStatus": 0,
          "vipExpireTime": 1746353319000,
          "vipNumber": "5563",
          "userRole": "user",
          "scoreRank": null,
          "postAllThumbNum": null,
          "postAllViewNum": null,
          "needGuide": 0,
          "syncPopupLeftCount": 0,
          "paymentInfo": null
        },
        "tags": [
          "面经",
          "求职"
        ],
        "fileList": null,
        "videoList": null,
        "atUserList": null,
        "pictureList": null,
        "hasThumb": false,
        "hasFavour": false,
        "needVip": null,
        "atUserVOList": null,
        "status": null,
        "relatedLink": null,
        "acceptAnswerId": null,
        "bestComment": null
      },
      {
        "id": "1943266093161312257",
        "title": "每日打卡Day244",
        "description": null,
        "content": null,
        "plainTextDescription": "2025.07.10打卡Day244健康- 12 点半睡，8 点起床。- 无午睡，因为中午贪玩了，一直在看手机，这很不好！娱乐- xin 计划，练了下第二只魔焰，明天争取练到 100。- 去吃了顿烧烤。算法Codeforces：- https://codeforces.com/contest/183/problem/B ，1700 分，可以两两枚举火烈鸟，求出直线的一般式，处理一下公约数和正负后作",
        "category": "文章",
        "cover": null,
        "thumbnailCover": null,
        "language": null,
        "externalLink": null,
        "shortLink": null,
        "componentName": null,
        "viewNum": 27,
        "viewCount": "22",
        "thumbNum": 1,
        "favourNum": 0,
        "commentNum": 2,
        "priority": 0,
        "userId": "1653626761499422721",
        "planetPostId": null,
        "relatedId": null,
        "showPost": 0,
        "reviewStatus": 1,
        "reviewMessage": null,
        "reviewerId": null,
        "reviewTime": 1752145715000,
        "publishStatus": 0,
        "recommendStatus": 1,
        "recommendCount": "0",
        "recommendTime": 1752145715000,
        "editTime": 1752145715000,
        "createTime": 1752145715000,
        "updateTime": 1752162307000,
        "accessScope": 0,
        "user": {
          "id": "1653626761499422721",
          "planetCode": "4538",
          "planetPostAuth": 1,
          "userName": "Soldier",
          "userAvatar": null,
          "userThumbnailAvatar": null,
          "gender": 1,
          "userProfile": null,
          "interests": null,
          "place": null,
          "school": "北京航空航天大学",
          "direction": "后端开发",
          "graduationYear": 2027,
          "company": null,
          "job": null,
          "github": null,
          "blog": null,
          "score": 1298,
          "jobStatus": null,
          "scoreLevel": 5,
          "followeeNum": 10,
          "followNum": 0,
          "followStatus": 0,
          "vipExpireTime": 1781787376000,
          "vipNumber": "4538",
          "userRole": "vip",
          "scoreRank": null,
          "postAllThumbNum": null,
          "postAllViewNum": null,
          "needGuide": 0,
          "syncPopupLeftCount": 0,
          "paymentInfo": null
        },
        "tags": [
          "学习打卡"
        ],
        "fileList": null,
        "videoList": null,
        "atUserList": null,
        "pictureList": null,
        "hasThumb": false,
        "hasFavour": false,
        "needVip": null,
        "atUserVOList": null,
        "status": null,
        "relatedLink": null,
        "acceptAnswerId": null,
        "bestComment": {
          "id": "1943275945057120258",
          "targetType": 0,
          "targetId": "1943266093161312257",
          "content": null,
          "plainTextDescription": "记得随时保存 \uD83E\uDD23",
          "type": "comment",
          "contentType": 2,
          "thumbNum": 0,
          "reviewStatus": null,
          "reviewMessage": null,
          "reviewerId": null,
          "reviewTime": null,
          "priority": 0,
          "userId": "1608440217629360130",
          "planetUserId": null,
          "createTime": 1752148064000,
          "updateTime": 1752148064000,
          "postId": "1943266093161312257",
          "user": {
            "id": "1608440217629360130",
            "planetCode": null,
            "planetPostAuth": null,
            "userName": "编程导航_小y",
            "userAvatar": null,
            "userThumbnailAvatar": null,
            "gender": null,
            "userProfile": null,
            "interests": null,
            "place": null,
            "school": null,
            "direction": null,
            "graduationYear": null,
            "company": null,
            "job": null,
            "github": null,
            "blog": null,
            "score": null,
            "jobStatus": null,
            "scoreLevel": null,
            "followeeNum": null,
            "followNum": null,
            "followStatus": null,
            "vipExpireTime": null,
            "vipNumber": null,
            "userRole": null,
            "scoreRank": null,
            "postAllThumbNum": null,
            "postAllViewNum": null,
            "needGuide": null,
            "syncPopupLeftCount": null,
            "paymentInfo": null
          },
          "hasThumb": null,
          "replyVOPage": null,
          "needVip": null,
          "postVO": null,
          "atUserList": null,
          "atUserVOList": null,
          "pictureList": [],
          "courseArticleVO": null,
          "qaVO": null
        }
      },
      {
        "id": "1943223771740565506",
        "title": "Python 后端项目中，写单元测试中 MagicMock 的使用指南",
        "description": "Python 后端开发，写单元测试时的小技巧",
        "content": null,
        "plainTextDescription": "Python 后端开发，写单元测试时的小技巧",
        "category": "文章",
        "cover": null,
        "thumbnailCover": null,
        "language": null,
        "externalLink": null,
        "shortLink": null,
        "componentName": null,
        "viewNum": 29,
        "viewCount": "24",
        "thumbNum": 2,
        "favourNum": 0,
        "commentNum": 0,
        "priority": 0,
        "userId": "1823318305287487489",
        "planetPostId": null,
        "relatedId": null,
        "showPost": 0,
        "reviewStatus": 1,
        "reviewMessage": null,
        "reviewerId": null,
        "reviewTime": 1752142039000,
        "publishStatus": 0,
        "recommendStatus": 1,
        "recommendCount": "0",
        "recommendTime": 1752135625000,
        "editTime": 1752142039000,
        "createTime": 1752135625000,
        "updateTime": 1752162974000,
        "accessScope": 0,
        "user": {
          "id": "1823318305287487489",
          "planetCode": "6136",
          "planetPostAuth": 1,
          "userName": "Anson",
          "userAvatar": "https://pic.code-nav.cn/user_avatar/1823318305287487489/OyXHxFyoCpmJKXFV.webp",
          "userThumbnailAvatar": "https://pic.code-nav.cn/user_avatar/1823318305287487489/thumbnail/OyXHxFyoCpmJKXFV.jpg",
          "gender": 1,
          "userProfile": null,
          "interests": [],
          "place": null,
          "school": null,
          "direction": null,
          "graduationYear": null,
          "company": null,
          "job": null,
          "github": null,
          "blog": null,
          "score": 124,
          "jobStatus": null,
          "scoreLevel": 2,
          "followeeNum": 4,
          "followNum": 5,
          "followStatus": 0,
          "vipExpireTime": 1791008720000,
          "vipNumber": "6136",
          "userRole": "vip",
          "scoreRank": null,
          "postAllThumbNum": null,
          "postAllViewNum": null,
          "needGuide": 0,
          "syncPopupLeftCount": 0,
          "paymentInfo": null
        },
        "tags": [
          "Python"
        ],
        "fileList": null,
        "videoList": null,
        "atUserList": null,
        "pictureList": null,
        "hasThumb": false,
        "hasFavour": false,
        "needVip": null,
        "atUserVOList": null,
        "status": null,
        "relatedLink": null,
        "acceptAnswerId": null,
        "bestComment": null
      },
      {
        "id": "1943214446934552578",
        "title": "字节生服--后端开发（日常实习，处女面）",
        "description": "",
        "content": null,
        "plainTextDescription": "6.10 投简历6.12 约一面6.16 一面（一个小时）1、自我介绍2、项目介绍3、项目拷打4、八股部分1、zset实现原理2、数据一致性3、redis和mysql的持久化机制4、跳表和B+树的区别，为什么zset不用B+树，mysql不用跳表，跳表和B+的数据结构5、LRU算法原理及实现6、事务的隔离级别7、什么是幻读，怎么解决8、怎么解决脏读和不可重复读--MVCC5、场景题1、给了一个sq",
        "category": "文章",
        "cover": null,
        "thumbnailCover": null,
        "language": null,
        "externalLink": null,
        "shortLink": null,
        "componentName": null,
        "viewNum": 159,
        "viewCount": "133",
        "thumbNum": 4,
        "favourNum": 2,
        "commentNum": 3,
        "priority": 0,
        "userId": "1811056272186736642",
        "planetPostId": null,
        "relatedId": null,
        "showPost": 0,
        "reviewStatus": 1,
        "reviewMessage": null,
        "reviewerId": null,
        "reviewTime": 1752134222000,
        "publishStatus": 0,
        "recommendStatus": 1,
        "recommendCount": "0",
        "recommendTime": 1752133401000,
        "editTime": 1752134222000,
        "createTime": 1752133401000,
        "updateTime": 1752164490000,
        "accessScope": 0,
        "user": {
          "id": "1811056272186736642",
          "planetCode": "40471",
          "planetPostAuth": 1,
          "userName": "forcame",
          "userAvatar": "https://pic.code-nav.cn/user_avatar/1811056272186736642/WIKS4XnTRH6AoPJc.webp",
          "userThumbnailAvatar": "https://pic.code-nav.cn/user_avatar/1811056272186736642/thumbnail/WIKS4XnTRH6AoPJc.webp",
          "gender": 1,
          "userProfile": null,
          "interests": null,
          "place": null,
          "school": "杭州电子科技大学",
          "direction": "后端开发",
          "graduationYear": 2027,
          "company": null,
          "job": null,
          "github": null,
          "blog": null,
          "score": 19,
          "jobStatus": null,
          "scoreLevel": 1,
          "followeeNum": 0,
          "followNum": 0,
          "followStatus": 0,
          "vipExpireTime": 1764640587000,
          "vipNumber": "40471",
          "userRole": "vip",
          "scoreRank": null,
          "postAllThumbNum": null,
          "postAllViewNum": null,
          "needGuide": 0,
          "syncPopupLeftCount": 0,
          "paymentInfo": null
        },
        "tags": [
          "面经",
          "求职",
          "字节跳动"
        ],
        "fileList": null,
        "videoList": null,
        "atUserList": null,
        "pictureList": null,
        "hasThumb": false,
        "hasFavour": false,
        "needVip": null,
        "atUserVOList": null,
        "status": null,
        "relatedLink": null,
        "acceptAnswerId": null,
        "bestComment": {
          "id": "1943224718554361857",
          "targetType": 0,
          "targetId": "1943214446934552578",
          "content": null,
          "plainTextDescription": "这么强，也寄\uD83D\uDE31",
          "type": "comment",
          "contentType": 2,
          "thumbNum": 0,
          "reviewStatus": null,
          "reviewMessage": null,
          "reviewerId": null,
          "reviewTime": null,
          "priority": 0,
          "userId": "1846517300550885377",
          "planetUserId": null,
          "createTime": 1752135850000,
          "updateTime": 1752135850000,
          "postId": "1943214446934552578",
          "user": {
            "id": "1846517300550885377",
            "planetCode": null,
            "planetPostAuth": null,
            "userName": "capture",
            "userAvatar": null,
            "userThumbnailAvatar": null,
            "gender": null,
            "userProfile": null,
            "interests": null,
            "place": null,
            "school": null,
            "direction": null,
            "graduationYear": null,
            "company": null,
            "job": null,
            "github": null,
            "blog": null,
            "score": null,
            "jobStatus": null,
            "scoreLevel": null,
            "followeeNum": null,
            "followNum": null,
            "followStatus": null,
            "vipExpireTime": null,
            "vipNumber": null,
            "userRole": null,
            "scoreRank": null,
            "postAllThumbNum": null,
            "postAllViewNum": null,
            "needGuide": null,
            "syncPopupLeftCount": null,
            "paymentInfo": null
          },
          "hasThumb": null,
          "replyVOPage": null,
          "needVip": null,
          "postVO": null,
          "atUserList": null,
          "atUserVOList": null,
          "pictureList": [],
          "courseArticleVO": null,
          "qaVO": null
        }
      },
      {
        "id": "1943090063356260354",
        "title": "python实现的word跟pdf互转工具",
        "description": "文件格式转换工具 新增功能 支持PDF转Word功能 PDF转Word部分增加\"打开输出目录\"按钮 采用上下布局，Word转PDF和PDF转Word功能分区显示 支持批量PDF文件转换 实时显示转换进度和百分比 使用方法 Word转PDF部分： 选择Word文件或文件夹 点击\"开始转换\" PDF转Word部分： 选择PDF文件或文件夹 点击\"开始转换\" 依赖安装 pip install -i ht",
        "content": null,
        "plainTextDescription": "文件格式转换工具 新增功能 支持PDF转Word功能 PDF转Word部分增加\"打开输出目录\"按钮 采用上下布局，Word转PDF和PDF转Word功能分区显示 支持批量PDF文件转换 实时显示转换进度和百分比 使用方法 Word转PDF部分： 选择Word文件或文件夹 点击\"开始转换\" PDF转Word部分： 选择PDF文件或文件夹 点击\"开始转换\" 依赖安装 pip install -i ht",
        "category": "文章",
        "cover": "https://pic.code-nav.cn/post_cover/1900441785166540802/hJaVqz5q1PwezhA3.webp",
        "thumbnailCover": "https://pic.code-nav.cn/post_cover/1900441785166540802/thumbnail/hJaVqz5q1PwezhA3.png",
        "language": null,
        "externalLink": null,
        "shortLink": null,
        "componentName": null,
        "viewNum": 21,
        "viewCount": "15",
        "thumbNum": 0,
        "favourNum": 0,
        "commentNum": 0,
        "priority": 0,
        "userId": "1900441785166540802",
        "planetPostId": null,
        "relatedId": null,
        "showPost": 0,
        "reviewStatus": 1,
        "reviewMessage": "通过审核",
        "reviewerId": null,
        "reviewTime": 1752111308000,
        "publishStatus": 0,
        "recommendStatus": 3,
        "recommendCount": "0",
        "recommendTime": 1752103746000,
        "editTime": 1752111308000,
        "createTime": 1752103746000,
        "updateTime": 1752142336000,
        "accessScope": 0,
        "user": {
          "id": "1900441785166540802",
          "planetCode": null,
          "planetPostAuth": 0,
          "userName": "尼哥AI工具箱",
          "userAvatar": null,
          "userThumbnailAvatar": null,
          "gender": 1,
          "userProfile": "编程知识、AI工具知识、工作经验与教训分享交流~",
          "interests": null,
          "place": null,
          "school": "南京师范大学",
          "direction": "Java后端",
          "graduationYear": 2005,
          "company": null,
          "job": null,
          "github": null,
          "blog": null,
          "score": 616,
          "jobStatus": "已工作",
          "scoreLevel": 4,
          "followeeNum": 11,
          "followNum": 1,
          "followStatus": 0,
          "vipExpireTime": null,
          "vipNumber": null,
          "userRole": "user",
          "scoreRank": null,
          "postAllThumbNum": null,
          "postAllViewNum": null,
          "needGuide": 0,
          "syncPopupLeftCount": 0,
          "paymentInfo": null
        },
        "tags": [
          "交流"
        ],
        "fileList": null,
        "videoList": null,
        "atUserList": null,
        "pictureList": null,
        "hasThumb": false,
        "hasFavour": false,
        "needVip": null,
        "atUserVOList": null,
        "status": null,
        "relatedLink": null,
        "acceptAnswerId": null,
        "bestComment": null
      },
      {
        "id": "1942968892015046657",
        "title": "腾讯TEG信息安全部门一面",
        "description": null,
        "content": null,
        "plainTextDescription": "1. 自我介绍，说了一下这是第6次面试腾讯，聊了实习做的虚拟驱动等，没有继续问什么2. 刷题，给了一个求最长回文序列的动态规划题，没做出来，然后还有一题前序中序遍历顺序重新构造二叉树的题。回文这个直接放弃，另一个花了十多分钟吧。3. TCP长链接、短连接的区别和优缺点长连接的建立需要三次握手，然后关闭需要四次挥手，整体的开销比短连接大。查了一下网上别人的回答：首先是长链接，如果用的不好，可能会出现",
        "category": "文章",
        "cover": null,
        "thumbnailCover": null,
        "language": null,
        "externalLink": null,
        "shortLink": null,
        "componentName": null,
        "viewNum": 156,
        "viewCount": "109",
        "thumbNum": 4,
        "favourNum": 0,
        "commentNum": 2,
        "priority": 0,
        "userId": "1869596605829742593",
        "planetPostId": null,
        "relatedId": null,
        "showPost": 0,
        "reviewStatus": 1,
        "reviewMessage": "通过审核",
        "reviewerId": null,
        "reviewTime": 1752113195000,
        "publishStatus": 0,
        "recommendStatus": 1,
        "recommendCount": "0",
        "recommendTime": 1752074857000,
        "editTime": 1752113195000,
        "createTime": 1752074857000,
        "updateTime": 1752162364000,
        "accessScope": 0,
        "user": {
          "id": "1869596605829742593",
          "planetCode": null,
          "planetPostAuth": 0,
          "userName": "灵韵",
          "userAvatar": "https://thirdwx.qlogo.cn/mmopen/vi_32/2iaJ6J8lEdbJx8lLibWwBOYiaxXYaYiasFD5K4ibyOjpwP2ZmpVw3FOx1fLSOuTAiat6BV0MKGYphUcRZZaLQVYo1DWA/132",
          "userThumbnailAvatar": null,
          "gender": 1,
          "userProfile": null,
          "interests": null,
          "place": null,
          "school": "长沙学院",
          "direction": "C++后端",
          "graduationYear": 2025,
          "company": null,
          "job": null,
          "github": null,
          "blog": null,
          "score": 30,
          "jobStatus": null,
          "scoreLevel": 2,
          "followeeNum": 2,
          "followNum": 0,
          "followStatus": 0,
          "vipExpireTime": null,
          "vipNumber": null,
          "userRole": "user",
          "scoreRank": null,
          "postAllThumbNum": null,
          "postAllViewNum": null,
          "needGuide": 0,
          "syncPopupLeftCount": 0,
          "paymentInfo": null
        },
        "tags": [
          "求职",
          "腾讯",
          "面经",
          "解析面经"
        ],
        "fileList": null,
        "videoList": null,
        "atUserList": null,
        "pictureList": null,
        "hasThumb": false,
        "hasFavour": false,
        "needVip": null,
        "atUserVOList": null,
        "status": null,
        "relatedLink": null,
        "acceptAnswerId": null,
        "bestComment": {
          "id": "1943129726989168642",
          "targetType": 0,
          "targetId": "1942968892015046657",
          "content": null,
          "plainTextDescription": "\uD83D\uDC4D 感谢鱼友的面经分享，非常实用！有一些题目在面试鸭里有专门题解，大家可参考学习。求最长回文序列的动态规划题如何实现？- 5480. 最长回文子序列- 5413. 最长回文子串- 5476. 最长连续递增序列前序中序遍历顺序重新构造二叉树的题如何实现？- 5414. 二叉树的前序遍历- 5430. 从中序与后序遍历序列构造二叉树- 5418. 二叉树的层序遍历TCP长链接、短连接的区别和优缺点是",
          "type": "comment",
          "contentType": 1,
          "thumbNum": 0,
          "reviewStatus": null,
          "reviewMessage": null,
          "reviewerId": null,
          "reviewTime": null,
          "priority": 0,
          "userId": "1831245332152692740",
          "planetUserId": null,
          "createTime": 1752113203000,
          "updateTime": 1752113203000,
          "postId": "1942968892015046657",
          "user": {
            "id": "1831245332152692740",
            "planetCode": null,
            "planetPostAuth": null,
            "userName": "编程导航鸭鸭",
            "userAvatar": null,
            "userThumbnailAvatar": null,
            "gender": null,
            "userProfile": null,
            "interests": null,
            "place": null,
            "school": null,
            "direction": null,
            "graduationYear": null,
            "company": null,
            "job": null,
            "github": null,
            "blog": null,
            "score": null,
            "jobStatus": null,
            "scoreLevel": null,
            "followeeNum": null,
            "followNum": null,
            "followStatus": null,
            "vipExpireTime": null,
            "vipNumber": null,
            "userRole": null,
            "scoreRank": null,
            "postAllThumbNum": null,
            "postAllViewNum": null,
            "needGuide": null,
            "syncPopupLeftCount": null,
            "paymentInfo": null
          },
          "hasThumb": null,
          "replyVOPage": null,
          "needVip": null,
          "postVO": null,
          "atUserList": null,
          "atUserVOList": null,
          "pictureList": null,
          "courseArticleVO": null,
          "qaVO": null
        }
      },
      {
        "id": "1942954859253788673",
        "title": "兑吧一面",
        "description": "面筋",
        "content": null,
        "plainTextDescription": "面筋",
        "category": "文章",
        "cover": null,
        "thumbnailCover": null,
        "language": null,
        "externalLink": null,
        "shortLink": null,
        "componentName": null,
        "viewNum": 98,
        "viewCount": "76",
        "thumbNum": 5,
        "favourNum": 2,
        "commentNum": 2,
        "priority": 0,
        "userId": "1817541478048264194",
        "planetPostId": null,
        "relatedId": null,
        "showPost": 0,
        "reviewStatus": 1,
        "reviewMessage": null,
        "reviewerId": null,
        "reviewTime": 1752113232000,
        "publishStatus": 0,
        "recommendStatus": 1,
        "recommendCount": "0",
        "recommendTime": 1752071511000,
        "editTime": 1752113232000,
        "createTime": 1752071511000,
        "updateTime": 1752164605000,
        "accessScope": 0,
        "user": {
          "id": "1817541478048264194",
          "planetCode": "39732",
          "planetPostAuth": 1,
          "userName": "G森",
          "userAvatar": "https://pic.code-nav.cn/user_avatar/1817541478048264194/QfcLM1wd-1b9ac3b25b2a62227bc37c5ce4f2ef3a.jpg",
          "userThumbnailAvatar": "https://pic.code-nav.cn/user_avatar/1817541478048264194/thumbnail/QfcLM1wd-1b9ac3b25b2a62227bc37c5ce4f2ef3a.jpg",
          "gender": 1,
          "userProfile": null,
          "interests": [],
          "place": "温州",
          "school": "长春工业大学",
          "direction": "Java后端",
          "graduationYear": 2026,
          "company": null,
          "job": null,
          "github": null,
          "blog": null,
          "score": 86,
          "jobStatus": "在校",
          "scoreLevel": 2,
          "followeeNum": 5,
          "followNum": 7,
          "followStatus": 0,
          "vipExpireTime": 1758715209000,
          "vipNumber": "39732",
          "userRole": "vip",
          "scoreRank": null,
          "postAllThumbNum": null,
          "postAllViewNum": null,
          "needGuide": 0,
          "syncPopupLeftCount": 0,
          "paymentInfo": "{\"aliPayAccount\":\"13676442090\",\"aliPayUserName\":\"朱成杰\"}"
        },
        "tags": [
          "求职",
          "面经",
          "解析面经"
        ],
        "fileList": null,
        "videoList": null,
        "atUserList": null,
        "pictureList": null,
        "hasThumb": false,
        "hasFavour": false,
        "needVip": null,
        "atUserVOList": null,
        "status": null,
        "relatedLink": null,
        "acceptAnswerId": null,
        "bestComment": {
          "id": "1943129780286189570",
          "targetType": 0,
          "targetId": "1942954859253788673",
          "content": null,
          "plainTextDescription": "笑死，背熟的自我介绍脱口而出~",
          "type": "comment",
          "contentType": 2,
          "thumbNum": 0,
          "reviewStatus": null,
          "reviewMessage": null,
          "reviewerId": null,
          "reviewTime": null,
          "priority": 0,
          "userId": "1608440217629360130",
          "planetUserId": null,
          "createTime": 1752113215000,
          "updateTime": 1752113215000,
          "postId": "1942954859253788673",
          "user": {
            "id": "1608440217629360130",
            "planetCode": null,
            "planetPostAuth": null,
            "userName": "编程导航_小y",
            "userAvatar": null,
            "userThumbnailAvatar": null,
            "gender": null,
            "userProfile": null,
            "interests": null,
            "place": null,
            "school": null,
            "direction": null,
            "graduationYear": null,
            "company": null,
            "job": null,
            "github": null,
            "blog": null,
            "score": null,
            "jobStatus": null,
            "scoreLevel": null,
            "followeeNum": null,
            "followNum": null,
            "followStatus": null,
            "vipExpireTime": null,
            "vipNumber": null,
            "userRole": null,
            "scoreRank": null,
            "postAllThumbNum": null,
            "postAllViewNum": null,
            "needGuide": null,
            "syncPopupLeftCount": null,
            "paymentInfo": null
          },
          "hasThumb": null,
          "replyVOPage": null,
          "needVip": null,
          "postVO": null,
          "atUserList": null,
          "atUserVOList": null,
          "pictureList": [],
          "courseArticleVO": null,
          "qaVO": null
        }
      },
      {
        "id": "1942947364351307777",
        "title": "每日打卡Day243",
        "description": null,
        "content": null,
        "plainTextDescription": "2025.07.09打卡Day243健康- 12 点半睡，8 点起床。- 午睡 1.5 小时。娱乐- xin 计划，孵出来了满个体加速魔焰，先练着，等后边有了性格药之后慢慢洗成胆小。继续爬塔，感觉按照现在的策略还能往上爬十几层，再往后数值就没有意义了，因为等级差距太大微弱都会被秒。算法Codeforces：- https://codeforces.com/problemset/problem/26",
        "category": "文章",
        "cover": null,
        "thumbnailCover": null,
        "language": null,
        "externalLink": null,
        "shortLink": null,
        "componentName": null,
        "viewNum": 19,
        "viewCount": "16",
        "thumbNum": 2,
        "favourNum": 0,
        "commentNum": 0,
        "priority": 0,
        "userId": "1653626761499422721",
        "planetPostId": null,
        "relatedId": null,
        "showPost": 0,
        "reviewStatus": 1,
        "reviewMessage": null,
        "reviewerId": null,
        "reviewTime": 1752069725000,
        "publishStatus": 0,
        "recommendStatus": 1,
        "recommendCount": "0",
        "recommendTime": 1752069724000,
        "editTime": 1752069724000,
        "createTime": 1752069724000,
        "updateTime": 1752119684000,
        "accessScope": 0,
        "user": {
          "id": "1653626761499422721",
          "planetCode": "4538",
          "planetPostAuth": 1,
          "userName": "Soldier",
          "userAvatar": null,
          "userThumbnailAvatar": null,
          "gender": 1,
          "userProfile": null,
          "interests": null,
          "place": null,
          "school": "北京航空航天大学",
          "direction": "后端开发",
          "graduationYear": 2027,
          "company": null,
          "job": null,
          "github": null,
          "blog": null,
          "score": 1298,
          "jobStatus": null,
          "scoreLevel": 5,
          "followeeNum": 10,
          "followNum": 0,
          "followStatus": 0,
          "vipExpireTime": 1781787376000,
          "vipNumber": "4538",
          "userRole": "vip",
          "scoreRank": null,
          "postAllThumbNum": null,
          "postAllViewNum": null,
          "needGuide": 0,
          "syncPopupLeftCount": 0,
          "paymentInfo": null
        },
        "tags": [
          "学习打卡"
        ],
        "fileList": null,
        "videoList": null,
        "atUserList": null,
        "pictureList": null,
        "hasThumb": false,
        "hasFavour": false,
        "needVip": null,
        "atUserVOList": null,
        "status": null,
        "relatedLink": null,
        "acceptAnswerId": null,
        "bestComment": null
      },
      {
        "id": "1942920340807151618",
        "title": "我只是美化简历，凭什么算诈骗？——某大厂员工被裁后的自白",
        "description": "我只是美化简历，凭什么算诈骗？——某大厂员工被裁后的自白 本文作者：程序员小白条 本站地址：https://xbt.xiaobaitiao.top 事件背景 某大厂员工李某在入职背调中被发现：将\"参与项目\"写成\"主导项目\"，自考本科包装成\"统招全日制\"，工作时间延长3个月掩盖空窗期。 公司以\"欺诈订立劳动合同\"为由解雇并索赔，李某的争议：\"行业都这么干，为什么只抓我？\" 美化与诈骗的边界在哪里？ ",
        "content": null,
        "plainTextDescription": "我只是美化简历，凭什么算诈骗？——某大厂员工被裁后的自白 本文作者：程序员小白条 本站地址：https://xbt.xiaobaitiao.top 事件背景 某大厂员工李某在入职背调中被发现：将\"参与项目\"写成\"主导项目\"，自考本科包装成\"统招全日制\"，工作时间延长3个月掩盖空窗期。 公司以\"欺诈订立劳动合同\"为由解雇并索赔，李某的争议：\"行业都这么干，为什么只抓我？\" 美化与诈骗的边界在哪里？ ",
        "category": "文章",
        "cover": "https://pic.code-nav.cn/post_cover/1613062171158118402/PoQD1QCAutqrWcL1.webp",
        "thumbnailCover": "https://pic.code-nav.cn/post_cover/1613062171158118402/thumbnail/PoQD1QCAutqrWcL1.png",
        "language": null,
        "externalLink": null,
        "shortLink": null,
        "componentName": null,
        "viewNum": 9,
        "viewCount": "9",
        "thumbNum": 0,
        "favourNum": 0,
        "commentNum": 0,
        "priority": 0,
        "userId": "1613062171158118402",
        "planetPostId": null,
        "relatedId": null,
        "showPost": 0,
        "reviewStatus": 1,
        "reviewMessage": "包含敏感词：是傻子,傻子",
        "reviewerId": null,
        "reviewTime": 1752126582000,
        "publishStatus": 0,
        "recommendStatus": 1,
        "recommendCount": "0",
        "recommendTime": 1752063281000,
        "editTime": 1752126582000,
        "createTime": 1752063281000,
        "updateTime": 1752162484000,
        "accessScope": 0,
        "user": {
          "id": "1613062171158118402",
          "planetCode": "5563",
          "planetPostAuth": 1,
          "userName": "_一条鱼儿_",
          "userAvatar": "https://thirdwx.qlogo.cn/mmopen/vi_32/zogKCdeVOfnmr1iblKDLyMAuWubGKFLyvcpI7fcU1qumXB7QPCqnWWibfcGSSNs2s2ltUHwa6Oia1nXBLaETI5fhw/132",
          "userThumbnailAvatar": null,
          "gender": 1,
          "userProfile": "25届毕业生，Github 多个开源项目作者，全栈开发，联系方式：xiaobaitiao_z\n欢迎项目合作和自媒体合作等相关！",
          "interests": [],
          "place": "浙江省",
          "school": "浙江水利水电学院",
          "direction": "后端",
          "graduationYear": 2025,
          "company": "",
          "job": "Java后端",
          "github": "https://github.com/luoye6",
          "blog": "https://gitee.com/luoye6/Vue_BookManageSystem",
          "score": 1515,
          "jobStatus": "在校",
          "scoreLevel": 5,
          "followeeNum": 96,
          "followNum": 10,
          "followStatus": 0,
          "vipExpireTime": 1746353319000,
          "vipNumber": "5563",
          "userRole": "user",
          "scoreRank": null,
          "postAllThumbNum": null,
          "postAllViewNum": null,
          "needGuide": 0,
          "syncPopupLeftCount": 0,
          "paymentInfo": null
        },
        "tags": [
          "交流"
        ],
        "fileList": null,
        "videoList": null,
        "atUserList": null,
        "pictureList": null,
        "hasThumb": false,
        "hasFavour": false,
        "needVip": null,
        "atUserVOList": null,
        "status": null,
        "relatedLink": null,
        "acceptAnswerId": null,
        "bestComment": null
      },
      {
        "id": "1942866325568454657",
        "title": "uniapp组件webview无法访问某些外部网站（header HTTP_USER_AGENT Html5Plus blocked）",
        "description": "报错：header HTTPUSERAGENT Html5Plus blocked 场景：使用uniapp原生组件web-view去访问公司的官网遇到这个问题 定位问题： 打开chrome，在网址栏输入chrome://inspect，USB连线手机真机调试 打开DevTools，在控制台输入window.plus，查看是否为undefined还是一个对象 结果发现是一个对象，这就会被网站检测出来",
        "content": null,
        "plainTextDescription": "报错：header HTTPUSERAGENT Html5Plus blocked 场景：使用uniapp原生组件web-view去访问公司的官网遇到这个问题 定位问题： 打开chrome，在网址栏输入chrome://inspect，USB连线手机真机调试 打开DevTools，在控制台输入window.plus，查看是否为undefined还是一个对象 结果发现是一个对象，这就会被网站检测出来",
        "category": "文章",
        "cover": null,
        "thumbnailCover": null,
        "language": null,
        "externalLink": null,
        "shortLink": null,
        "componentName": null,
        "viewNum": 15,
        "viewCount": "11",
        "thumbNum": 3,
        "favourNum": 1,
        "commentNum": 0,
        "priority": 0,
        "userId": "1848582511700381697",
        "planetPostId": null,
        "relatedId": null,
        "showPost": 0,
        "reviewStatus": 1,
        "reviewMessage": null,
        "reviewerId": null,
        "reviewTime": 1752050403000,
        "publishStatus": 0,
        "recommendStatus": 1,
        "recommendCount": "0",
        "recommendTime": 1752050403000,
        "editTime": 1752050403000,
        "createTime": 1752050403000,
        "updateTime": 1752129848000,
        "accessScope": 0,
        "user": {
          "id": "1848582511700381697",
          "planetCode": null,
          "planetPostAuth": 0,
          "userName": "点点",
          "userAvatar": "https://pic.code-nav.cn/user_avatar/1848582511700381697/9JFB7louUNLPZe40.webp",
          "userThumbnailAvatar": "https://pic.code-nav.cn/user_avatar/1848582511700381697/thumbnail/9JFB7louUNLPZe40.jpg",
          "gender": 1,
          "userProfile": "垃圾二本大四学生，目前求职中",
          "interests": [],
          "place": "广州市",
          "school": "广州航海学院",
          "direction": "Java后端",
          "graduationYear": 2025,
          "company": null,
          "job": "Java后端",
          "github": null,
          "blog": null,
          "score": 87,
          "jobStatus": "求职中",
          "scoreLevel": 2,
          "followeeNum": 0,
          "followNum": 1,
          "followStatus": 0,
          "vipExpireTime": 1764937840000,
          "vipNumber": "58711",
          "userRole": "vip",
          "scoreRank": null,
          "postAllThumbNum": null,
          "postAllViewNum": null,
          "needGuide": 0,
          "syncPopupLeftCount": 0,
          "paymentInfo": null
        },
        "tags": [
          "Javascript",
          "Vue",
          "前端"
        ],
        "fileList": null,
        "videoList": null,
        "atUserList": null,
        "pictureList": null,
        "hasThumb": false,
        "hasFavour": false,
        "needVip": null,
        "atUserVOList": null,
        "status": null,
        "relatedLink": null,
        "acceptAnswerId": null,
        "bestComment": null
      },
      {
        "id": "1942780948203667457",
        "title": "没听说过设计模式？保姆级教程来了！",
        "description": "我建议大家在 学过一门编程语言、并且能够使用开发框架去完成项目之后，再去学设计模式。",
        "content": null,
        "plainTextDescription": "我建议大家在 学过一门编程语言、并且能够使用开发框架去完成项目之后，再去学设计模式。",
        "category": "文章",
        "cover": "https://pic.code-nav.cn/post_cover/1601072287388278786/Q5kM5v5HMBRKVZsQ.webp",
        "thumbnailCover": "https://pic.code-nav.cn/post_cover/1601072287388278786/thumbnail/Q5kM5v5HMBRKVZsQ.jpeg",
        "language": null,
        "externalLink": null,
        "shortLink": "yu0709",
        "componentName": null,
        "viewNum": 177,
        "viewCount": "149",
        "thumbNum": 9,
        "favourNum": 4,
        "commentNum": 0,
        "priority": 0,
        "userId": "1601072287388278786",
        "planetPostId": null,
        "relatedId": null,
        "showPost": 0,
        "reviewStatus": 1,
        "reviewMessage": null,
        "reviewerId": null,
        "reviewTime": 1752030048000,
        "publishStatus": 0,
        "recommendStatus": 1,
        "recommendCount": "0",
        "recommendTime": 1752030047000,
        "editTime": 1752030047000,
        "createTime": 1752030047000,
        "updateTime": 1752164558000,
        "accessScope": 0,
        "user": {
          "id": "1601072287388278786",
          "planetCode": "1",
          "planetPostAuth": 1,
          "userName": "程序员鱼皮",
          "userAvatar": "https://pic.code-nav.cn/user_avatar/1601072287388278786/66mwv6CDAmxwVfNi.webp",
          "userThumbnailAvatar": "https://pic.code-nav.cn/user_avatar/1601072287388278786/thumbnail/66mwv6CDAmxwVfNi.jpeg",
          "gender": 1,
          "userProfile": "这个网站的老大",
          "interests": [
            "Java",
            "资源",
            "学习指南",
            "求职",
            "面试",
            "职场",
            "前端",
            "后端",
            "自我介绍",
            "学习打卡"
          ],
          "place": "上海",
          "school": "东华大学",
          "direction": "后端",
          "graduationYear": 2020,
          "company": null,
          "job": null,
          "github": "https://github.com/liyupi",
          "blog": "https://yupi.icu",
          "score": 44713,
          "jobStatus": null,
          "scoreLevel": 7,
          "followeeNum": 5828,
          "followNum": 7,
          "followStatus": 1,
          "vipExpireTime": 10018230399000,
          "vipNumber": "1",
          "userRole": "admin",
          "scoreRank": null,
          "postAllThumbNum": null,
          "postAllViewNum": null,
          "needGuide": 0,
          "syncPopupLeftCount": 0,
          "paymentInfo": null
        },
        "tags": [
          "计算机",
          "设计模式",
          "开发交流",
          "学习"
        ],
        "fileList": null,
        "videoList": null,
        "atUserList": null,
        "pictureList": null,
        "hasThumb": false,
        "hasFavour": false,
        "needVip": null,
        "atUserVOList": null,
        "status": null,
        "relatedLink": null,
        "acceptAnswerId": null,
        "bestComment": null
      }
    ],
    "total": "12011",
    "size": "12",
    "current": "1",
    "orders": [],
    "optimizeCountSql": true,
    "searchCount": true,
    "countId": null,
    "maxLimit": null,
    "pages": "1001"
  },
  "message": "ok"
}